{
	"schemaVersion": 1,
	"id": "hotbar-quickswap",
	"version": "${version}",
	"name": "Hotbar Quickswap",
	"description": "This is an example description! Tell everyone what your mod is about!",
	"authors": [
		"Me!"
	],
	"contact": {
		"homepage": "https://fabricmc.net/",
		"sources": "https://github.com/FabricMC/fabric-example-mod"
	},
	"license": "CC0-1.0",
	"icon": "assets/hotbar-quickswap/icon.png",
	"environment": "*",
	"entrypoints": {
		"main": [
			"net.rockystone.HotbarQuickswap"
		]
	},
	"mixins": [
		"hotbar-quickswap.mixins.json"
	],
	"depends": {
		"fabricloader": ">=0.17.2",
		"minecraft": "~1.21.7",
		"java": ">=21",
		"fabric-api": "*"
	},
	"suggests": {
		"another-mod": "*"
	}
}